datetime,volume,close,low,high,open,MA10,MA20,Log returns,HVSD30,HV
12/01/2020,74504969,366.02,364.93,367.68,365.57,,,,,
12/02/2020,45927000,366.79,364.2,366.96,364.82,,,0.0021015004800139527,,
12/03/2020,62881998,366.69,365.5,368.19,366.68,,,-0.0002726727398691255,,
12/04/2020,50749859,369.85,367.22,369.85,367.32,,,0.008580713576595629,,
12/07/2020,48944269,369.09,367.72,369.62,369.02,,,-0.002057001293689531,,
12/08/2020,42458859,370.17,367.67,370.78,367.72,,,0.0029218428383649938,,
12/09/2020,74098312,366.85,365.95,371.05,370.88,,,-0.009009314418548763,,
12/10/2020,57735353,366.73,364.43,367.86,365.37,,,-0.00032716268456164227,,
12/11/2020,57698614,366.3,363.26,366.7402,364.9,,,-0.001173212690672941,,
12/14/2020,69216174,364.66,364.47,369.8,368.64,367.315,,-0.004487257173710145,,
12/15/2020,64071099,369.59,365.92,369.59,367.4,367.672,,0.013428870513386542,,
12/16/2020,58420517,370.17,368.8676,371.16,369.82,368.01000000000005,,0.0015680764541070966,,
12/17/2020,64119472,372.24,371.05,372.46,371.94,368.565,,0.005576447957841016,,
12/18/2020,136542328,369.18,367.02,371.15,370.97,368.498,,-0.008254477555939183,,
12/21/2020,96386745,367.86,362.03,378.46,364.97,368.375,,-0.0035818989778023023,,
12/22/2020,48388462,367.24,366.03,368.3317,368.21,368.082,,-0.001686845727152299,,
12/23/2020,46201402,367.57,367.2172,369.62,368.28,368.154,,0.0008981914295819009,,
12/24/2020,26457853,369.0,367.45,369.03,368.08,368.381,,0.003882867335445986,,
12/28/2020,39000402,372.17,371.07,372.59,371.74,368.96799999999996,,0.00855409509214667,,
12/29/2020,53680451,371.46,370.83,374.0,373.81,369.648,368.4815,-0.001909552373478187,,
12/30/2020,49455259,371.99,371.57,373.1,372.34,369.88800000000003,368.78000000000003,0.001425785432200793,,
12/31/2020,78520702,373.88,371.232,374.66,371.78,370.25899999999996,369.1345,0.005067918122986148,,
01/04/2021,110210810,368.79,364.82,375.45,375.31,369.914,369.2395,-0.013707513967023294,,
01/05/2021,66426229,371.33,368.05,372.5,368.1,370.129,369.3135,0.0068637787707874496,,
01/06/2021,107997675,373.55,369.12,376.98,369.71,370.698,369.53650000000005,0.005960709303663396,,
01/07/2021,68766812,379.1,375.91,379.9,376.1,371.88399999999996,369.98300000000006,0.014748158100478918,,
01/08/2021,71677208,381.26,377.1,381.49,380.59,373.25300000000004,370.70349999999996,0.005681534563541378,,
01/11/2021,51176719,378.69,377.7189,380.58,377.85,374.22200000000004,371.30150000000003,-0.006763628652950582,,
01/12/2021,52547716,378.77,376.36,379.86,378.89,374.882,371.925,0.00021123227707725133,,
01/13/2021,45303619,379.79,377.85,380.86,378.69,375.71500000000003,372.6815,0.0026893076744144537,,
01/14/2021,49989113,378.46,378.1,381.13,380.59,376.36199999999997,373.125,-0.0035080814084672996,0.00632514402251447,10.041
01/15/2021,107159962,375.7,373.7,377.58,376.72,376.544,373.40150000000006,-0.007319434395981075,0.006505718082859538,10.328
01/19/2021,51233300,378.65,376.75,379.23,378.34,377.53000000000003,373.72200000000004,0.00782134297990838,0.006626411964227028,10.519
01/20/2021,61836062,383.89,380.69,384.79,381.11,378.786,374.45750000000004,0.01374375765753633,0.006890015337816901,10.938
01/21/2021,47955809,384.24,383.25,384.95,384.49,379.855,375.2765,0.0009113041392009087,0.006862264567454623,10.894
01/22/2021,52136931,382.88,381.835,384.1256,382.25,380.233,376.0585,-0.0035457331965057324,0.00691229537165135,10.973
01/25/2021,70401971,384.39,378.46,384.77,383.67,380.546,376.8995,0.003936038029531221,0.00665716759356288,10.568
01/26/2021,42665281,383.79,383.54,385.85,385.41,381.056,377.639,-0.0015621341925411841,0.0066730186988703455,10.593
01/27/2021,123351078,374.41,372.01,380.32,380.22,380.62,377.75100000000003,-0.02474407434859666,0.008210947338693486,13.034
01/28/2021,94198104,377.63,375.89,381.93,376.36,380.404,378.05949999999996,0.008563426619514418,0.008270505432434978,13.129
01/29/2021,126765121,370.07,368.27,376.67,375.63,379.56499999999994,377.9635,-0.02022270333452971,0.008814015227967917,13.992
02/01/2021,75817597,376.23,370.376,377.34,373.72,379.61800000000005,378.081,0.016508481570626607,0.009311203685179213,14.781
02/02/2021,64450662,381.55,376.3181,383.22,379.65,379.908,378.719,0.014041245231574047,0.009593037495727923,15.228
02/03/2021,52427090,381.85,380.48,383.7,382.435,379.704,379.245,0.0007859575987509399,0.009438792383643337,14.984
02/04/2021,47142555,386.19,381.9655,386.24,382.96,379.899,379.877,0.01130161500525949,0.009573066195810444,15.197
02/05/2021,48669773,387.71,386.1444,388.47,388.2,380.382,380.3075,0.003928161143618354,0.009561048144648993,15.178
02/08/2021,38365185,390.51,388.35,390.56,389.27,380.994,380.77000000000004,0.007195939663207556,0.009609397040967714,15.254
02/09/2021,35551059,390.25,389.17,390.89,389.61,381.64,381.348,-0.0006660177509372693,0.00961484349693151,15.263
02/10/2021,59154370,390.08,387.5,392.28,392.12,383.207,381.9135,-0.0004357131026347282,0.009539014568686117,15.143
02/11/2021,42913288,390.71,388.1,391.69,391.24,384.515,382.45950000000005,0.0016137505263130205,0.009516401881880859,15.107
02/12/2021,50593270,392.64,389.77,392.9,389.85,386.772,383.1685,0.00492756470332675,0.009534582242496401,15.136
02/16/2021,50972366,392.3,391.53,394.17,393.96,388.379,383.9985,-0.0008663083070397093,0.009526018698128759,15.122
02/17/2021,52806681,392.39,389.33,392.66,390.42,389.463,384.6855,0.0002293899511771246,0.009083149426011895,14.419
02/18/2021,59712773,390.72,387.74,391.515,389.59,390.35,385.027,-0.00426505224434416,0.009107738156441284,14.458
02/19/2021,83240971,390.03,389.55,392.38,392.07,390.73400000000004,385.3165,-0.0017675316801529283,0.009092254580853849,14.434
02/22/2021,67414170,387.03,386.74,389.62,387.06,390.666,385.524,-0.007721449837032122,0.00888112509434438,14.098
02/23/2021,107284127,387.5,380.2,388.945,384.66,390.36499999999995,385.6795,0.0012136393882467825,0.008831860690986178,14.02
02/24/2021,72433946,391.77,385.27,392.23,386.33,390.51699999999994,386.0785,0.010959084107023828,0.008918703946399905,14.158
02/25/2021,146670499,382.33,380.7789,391.88,390.41,389.74199999999996,386.4745,-0.02439082287298519,0.010063833356437216,15.976
02/26/2021,152701639,380.36,378.23,385.58,384.35,388.707,386.611,-0.005165937356196809,0.010101959940852922,16.036
03/01/2021,105348798,389.58,380.572,390.92,385.59,388.40099999999995,387.5865,0.023951063077206795,0.010974745573677695,17.422
03/02/2021,79595332,386.54,386.0,390.07,389.82,387.825,388.102,-0.00783388019112867,0.010988530215832041,17.444
03/03/2021,119940211,381.42,381.31,386.83,385.79,386.72799999999995,388.0955,-0.013334225380949319,0.011208852441103298,17.794
03/04/2021,183433020,376.7,371.88,384.0,381.22,385.326,387.83799999999997,-0.012452015478377114,0.011140992639488203,17.686
03/05/2021,152039624,383.63,372.64,384.76,380.46,384.686,387.71,0.018229431718389397,0.011660193259288078,18.51
03/08/2021,123149245,381.72,381.42,387.68,384.66,384.15500000000003,387.4105,-0.004991190867331691,0.011678096372959542,18.538
03/09/2021,113633556,387.17,381.7299,389.91,385.85,384.122,387.2435,0.014176517512846978,0.011946745734605592,18.965
03/10/2021,109899410,389.58,388.1702,391.4,389.69,383.903,387.21,0.006205362686550293,0.011990428352646772,19.034
03/11/2021,86245040,393.53,391.74,395.65,392.23,385.023,387.3825,0.010088068084801373,0.011116354834941083,17.647
03/12/2021,64653565,394.06,391.2,394.21,392.07,386.39300000000003,387.55,0.0013458781345700166,0.01103963822889828,17.525
03/15/2021,73592302,396.41,392.03,396.685,394.33,387.076,387.73850000000004,0.005945847213205367,0.01027820830657327,16.316
03/16/2021,73722506,395.91,395.08,397.83,397.07,388.01300000000003,387.919,-0.0012621164841791108,0.009937040787112661,15.775
03/17/2021,97959265,397.26,393.3,398.12,394.53,389.59700000000004,388.1625,0.0034040654679617643,0.009667604476139534,15.347
03/18/2021,115349101,391.48,390.75,396.72,394.475,391.075,388.2005,-0.014656549607190868,0.010099849413628148,16.033
03/19/2021,113624490,389.48,387.15,391.569,389.88,391.66,388.173,-0.005121912447063258,0.00995678324223425,15.806
03/22/2021,73778646,392.59,389.97,394.07,390.03,392.74699999999996,388.451,0.007953294189883874,0.010034417440673748,15.929
03/23/2021,90686552,389.5,388.66,393.46,391.91,392.97999999999996,388.55100000000004,-0.007901944989636514,0.010061273052172873,15.972
03/24/2021,97588644,387.52,387.47,392.75,391.0,392.774,388.33849999999995,-0.005096404946075616,0.01010250538820705,16.037
03/25/2021,116128622,389.7,383.9,390.55,385.98,392.391,388.707,0.005609751979936211,0.010158482734332236,16.126
03/26/2021,114409114,395.98,390.29,396.41,390.93,392.583,389.488,0.015986492583889036,0.010569409579910283,16.778
03/29/2021,108107626,395.78,392.81,396.75,394.4,392.52,389.798,-0.0005052036077950325,0.01053647726149148,16.726
03/30/2021,76262249,394.73,393.02,395.45,394.42,392.402,390.20750000000004,-0.0026565144463534212,0.010548171324397775,16.745
03/31/2021,112734214,396.33,395.31,398.0,395.34,392.30899999999997,390.95300000000003,0.004045210683968171,0.01057144577967588,16.782
04/01/2021,99682876,400.61,398.18,400.67,398.4,393.222,392.1485,0.010741187917951974,0.010700611657269163,16.987
04/05/2021,91684764,406.36,403.38,406.94,403.46,394.90999999999997,393.28499999999997,0.014251080747019931,0.010962806792011767,17.403
04/06/2021,62020953,406.12,405.4,407.24,405.76,396.26300000000003,394.505,-0.0005907837903223113,0.010835519825042718,17.201
04/07/2021,55836280,406.59,405.45,406.96,405.94,397.97200000000004,395.476,0.0011566242630121652,0.01083559581353954,17.201
04/08/2021,57863114,408.52,406.93,408.58,407.93,400.072,396.423,0.00473556601386389,0.010709131335570223,17.0
04/09/2021,61104559,411.49,408.26,411.67,408.39,402.251,397.321,0.007243845775370538,0.009580489576415304,15.209
04/12/2021,56704899,411.64,410.2,411.93,410.85,403.817,398.2,0.0003644624826222133,0.009481588083614542,15.052
04/13/2021,56550988,412.86,411.12,413.529,411.53,405.525,399.0225,0.002959371474552633,0.008586538358273423,13.631
04/14/2021,61659907,411.45,410.87,413.96,412.83,407.197,399.79949999999997,-0.0034210463907216274,0.008450139441047227,13.414
04/15/2021,60229842,415.87,413.69,416.16,413.74,409.151,400.72999999999996,0.010685205371241405,0.008068408905818152,12.808
04/16/2021,82037278,417.26,415.73,417.91,417.25,410.816,402.019,0.003336817278764506,0.007530696970507932,11.955
04/19/2021,78498496,415.21,413.79,416.74,416.26,411.701,403.3055,-0.00492511236166273,0.007135527545393233,11.327
04/20/2021,81851828,412.17,410.59,415.0859,413.91,412.30600000000004,404.2845,-0.007348530736098715,0.007234716330844601,11.485
04/21/2021,66792983,416.07,411.36,416.29,411.51,413.254,405.61299999999994,0.00941762973238686,0.0070201799464191215,11.144
04/22/2021,97582788,412.27,411.13,416.78,415.89,413.629,406.8505,-0.009175040822362123,0.007289127012003426,11.571
04/23/2021,73276195,416.74,412.79,418.25,412.87,414.154,408.2025,0.010784051628062957,0.00731718266901747,11.616
04/26/2021,52182392,417.61,416.8111,418.22,417.44,414.75100000000003,409.284,0.002085456499818627,0.007316461754672257,11.615
04/27/2021,51303056,417.52,416.3,418.14,417.93,415.217,410.371,-0.00021553530671502723,0.007286402346593047,11.567
04/28/2021,51238854,417.4,416.9,419.01,417.81,415.812,411.5045,-0.0002874526920574004,0.007274767164527457,11.548
04/29/2021,78544329,420.06,416.44,420.72,420.32,416.23099999999994,412.691,0.006352563574061006,0.007317509387763204,11.616
04/30/2021,85527030,417.3,416.34,418.54,417.63,416.235,413.5255,-0.0065921706196542685,0.0068211228680907935,10.828
05/03/2021,68128289,418.2,417.665,419.84,419.43,416.534,414.1175,0.002154399397026225,0.006682358202013688,10.608
05/04/2021,101591166,415.62,411.67,416.6,416.07,416.879,414.59250000000003,-0.00618840573196446,0.006773210077532203,10.752
05/05/2021,39960661,415.75,414.94,417.63,417.38,416.84700000000004,415.0505,0.00031273681046842987,0.006524763780236767,10.358
05/06/2021,74321368,419.07,413.675,419.21,415.83,417.52699999999993,415.578,0.007953852334532231,0.006458019447739484,10.252
05/07/2021,67733790,422.12,419.16,422.815,419.89,418.06499999999994,416.1095,0.0072516633953202065,0.006491199169605178,10.304
05/10/2021,81852446,417.94,417.81,422.74,422.5,418.09799999999996,416.42449999999997,-0.009951752250937454,0.006381987600420597,10.131
05/11/2021,116887975,414.21,410.06,415.27,413.1,417.767,416.492,-0.008964789955781326,0.00666780710208076,10.585
05/12/2021,134811046,405.41,404.0,412.59,411.23,416.56800000000004,416.19000000000005,-0.02147419088693625,0.007853636958640444,12.467
05/13/2021,106393963,410.28,407.02,412.35,407.07,415.59,415.91050000000007,0.011940952729975805,0.00809171676455267,12.845
05/14/2021,82201629,416.58,413.18,417.49,413.21,415.5179999999999,415.8765,0.015238666554026831,0.00831408887399359,13.198
05/17/2021,65129221,415.52,413.36,416.39,415.39,415.25,415.892,-0.0025477720787986644,0.007970564870621184,12.653
05/18/2021,59810238,411.94,411.77,416.06,415.8,414.88199999999995,415.88050000000004,-0.008653040238106712,0.008150963222588924,12.939
05/19/2021,106467052,410.86,405.33,411.05,406.92,414.39300000000003,415.62,-0.0026251838119664504,0.008169270313814926,12.968
05/20/2021,78022218,415.28,411.67,416.625,411.8,414.01399999999995,415.77049999999997,0.0107004676546085,0.008350317618694786,13.256
05/21/2021,76578662,414.94,414.45,418.2,416.87,413.296,415.68050000000005,-0.0008190600539800562,0.008256572776289686,13.107
05/24/2021,51376702,419.17,417.08,420.32,417.34,413.419,415.7585,0.01014263409545412,0.00845080951565849,13.415
05/25/2021,57451396,418.24,417.62,420.71,420.33,413.822,415.79449999999997,-0.0022211351245904954,0.008453954060440968,13.42
05/26/2021,43088618,419.07,417.76,419.61,418.87,415.188,415.878,0.0019825399717120456,0.008426559983848851,13.377
05/27/2021,56707677,419.29,418.9851,420.72,420.17,416.08899999999994,415.83949999999993,0.0005248342121522201,0.008209101444637441,13.032
05/28/2021,58520164,420.04,419.79,421.25,420.97,416.43500000000006,415.97649999999993,0.0017871402180712071,0.008194019377625877,13.008
06/01/2021,54216625,419.67,419.2,422.72,422.57,416.85,416.05,-0.0008812566813437641,0.008139518858602606,12.921
06/02/2021,49097061,420.33,419.29,421.23,420.37,417.68899999999996,416.28549999999996,0.00157142889480084,0.008010260648712745,12.716
06/03/2021,58138763,418.77,416.28,419.99,417.85,418.48,416.43649999999997,-0.003718273858473231,0.007872505682054533,12.497
06/04/2021,55938789,422.6,418.8422,422.92,420.75,419.212,416.613,0.009104261989179973,0.007827890100560342,12.426
06/07/2021,51555032,422.19,421.19,422.78,422.59,419.937,416.6165,-0.0009706555053703371,0.0076031619572202265,12.07
06/08/2021,47134279,422.28,420.32,423.21,423.11,420.24799999999993,416.8335,0.00021315144490800648,0.007596812661105156,12.06
06/09/2021,48436342,421.65,421.41,423.26,423.18,420.58900000000006,417.20550000000003,-0.0014930151008434797,0.007603789089005714,12.071
06/10/2021,51020147,423.61,421.55,424.63,422.96,421.043,418.1155,0.004637634604537581,0.007643106506793645,12.133
06/11/2021,45570828,424.31,422.82,424.43,424.2,421.54499999999996,418.817,0.0016510995353906704,0.0075666198156869565,12.012
06/14/2021,42358478,425.26,423.1,425.37,424.43,422.067,419.25100000000003,0.002236426417976686,0.0074588065378359495,11.84
06/15/2021,51508508,424.48,423.54,425.46,425.42,422.54799999999994,419.69899999999996,-0.001835856189125848,0.007466256816718451,11.852
06/16/2021,80386082,422.11,419.92,424.87,424.63,422.726,420.2075,-0.00559894681313816,0.007448812131295875,11.825
06/17/2021,90949659,421.97,419.32,423.02,421.67,423.046,420.76300000000003,-0.00033172211469007103,0.007450349126563908,11.827
06/18/2021,118676302,414.92,414.7,417.8281,417.09,422.27799999999996,420.745,-0.01684849089797399,0.007953269817251156,12.625
06/21/2021,72822028,420.86,415.93,421.06,416.8,422.145,421.041,0.01421450624684998,0.008277201290196377,13.14
06/22/2021,57700303,423.11,420.08,424.0,420.85,422.22799999999995,421.238,0.005331955710690998,0.008118734614890275,12.888
06/23/2021,49445414,422.6,422.51,424.05,423.19,422.32300000000004,421.45599999999996,-0.0012060873392119639,0.007931219658043442,12.59
06/24/2021,45110288,425.1,424.62,425.55,424.89,422.47200000000004,421.7575,0.005898330182788227,0.006788184303237498,10.776
06/25/2021,58129525,426.61,425.55,427.0943,425.9,422.70200000000006,422.1235,0.0035458115604477046,0.0065138685545143805,10.34
06/28/2021,53159581,427.47,425.89,427.65,427.17,422.92300000000006,422.495,0.0020138635506151423,0.005962249483087707,9.465
06/29/2021,35970515,427.7,427.13,428.56,427.88,423.245,422.8965,0.0005379047570557724,0.0059279479870674905,9.41
06/30/2021,64827858,428.06,427.18,428.78,427.21,423.84000000000003,423.283,0.0008413574395543356,0.005643480924564706,8.959
07/01/2021,53441027,430.43,428.8,430.6,428.87,424.68600000000004,423.866,0.005521336348274516,0.005645112311217882,8.961
07/02/2021,57697668,433.72,430.5218,434.1,431.67,426.566,424.422,0.007614455583289667,0.005498862681700924,8.729
07/06/2021,68710419,432.93,430.01,434.01,433.78,427.77299999999997,424.959,-0.0018231124878851778,0.00551616639042154,8.757
07/07/2021,63549456,434.46,431.51,434.76,433.66,428.908,425.56800000000004,0.003527828512688284,0.005282518693680935,8.386
07/08/2021,97595232,430.92,427.52,431.73,428.78,429.73999999999995,426.03150000000005,-0.008181422602792495,0.005522053743650681,8.766
07/09/2021,76238584,435.52,430.714,435.84,432.53,430.782,426.62699999999995,0.010618261437109413,0.0057936812047536335,9.197
07/12/2021,52889585,437.08,434.97,437.35,435.43,431.829,427.2655,0.0035755252394434013,0.005806665477396766,9.218
07/13/2021,52911312,435.59,435.31,437.84,436.24,432.64099999999996,427.782,-0.00341481074839022,0.005871553882050811,9.321
07/14/2021,64130352,436.24,434.91,437.92,437.4,433.495,428.37,0.0014911166636517453,0.005858354271003178,9.3
07/15/2021,55126358,434.75,432.72,435.53,434.81,434.16399999999993,429.00199999999995,-0.0034213973834137574,0.005920694828131194,9.399
07/16/2021,75874662,431.34,430.92,436.06,436.01,434.255,429.4705,-0.007874511010557299,0.006084284510581642,9.659
07/19/2021,147987000,424.97,421.97,431.4089,426.19,433.37999999999994,429.97300000000007,-0.014878064026179113,0.006539322237389457,10.381
07/20/2021,99608174,431.06,424.83,432.42,425.68,433.19300000000004,430.483,0.014228713354011657,0.007017873580597885,11.141
07/21/2021,64724389,434.55,431.0111,434.7,432.34,433.20199999999994,431.055,0.008063721331801417,0.0071445852922529494,11.342
07/22/2021,47878539,435.46,433.69,435.72,434.74,433.65599999999995,431.698,0.0020919307407038026,0.007132202647464526,11.322
07/23/2021,63766637,439.94,436.79,440.3,437.52,434.09799999999996,432.43999999999994,0.010235410353404478,0.00729989565995465,11.588
07/26/2021,43719187,441.02,439.26,441.03,439.31,434.492,433.16050000000007,0.0024518719148446753,0.007302835316809856,11.593
07/27/2021,67397137,439.01,435.99,439.94,439.91,434.834,433.7375,-0.0045680340334088325,0.007377632969012955,11.712
07/28/2021,52472360,438.83,437.31,440.3,439.68,435.093,434.29400000000004,-0.0004100975178226575,0.007362907934259552,11.688
07/29/2021,47435342,440.65,439.81,441.8,439.815,435.683,434.9235,0.0041388152044790774,0.007271098224827523,11.543
07/30/2021,68951202,438.51,437.77,440.06,437.91,436.4,435.32750000000004,-0.004868292976358439,0.007355743060445714,11.677
08/02/2021,58783297,437.59,437.21,440.93,440.34,437.662,435.521,-0.0021002176422100205,0.006551092153798565,10.4
08/03/2021,58053896,441.15,436.1,441.28,438.44,438.671,435.93199999999996,0.008102554741012647,0.006238415880071065,9.903
08/04/2021,46732212,438.98,438.73,441.1243,439.78,439.1139999999999,436.158,-0.004931099717303744,0.006306011548508278,10.01
08/05/2021,38969659,441.76,439.88,441.85,440.22,439.74399999999997,436.7,0.006312894231034348,0.006355187199038732,10.089
08/06/2021,46930008,442.49,441.8,442.94,442.1,439.99899999999997,437.0485,0.001651117140725153,0.006300392063441356,10.002
08/09/2021,41222585,442.13,441.31,442.795,442.46,440.10999999999996,437.30100000000004,-0.0008139088419286315,0.006297953791016508,9.998
08/10/2021,43339275,442.68,441.88,443.44,442.61,440.477,437.65549999999996,0.0012432049159437405,0.00629605363814875,9.995
08/11/2021,44034340,443.78,442.62,443.882,443.82,440.97200000000004,438.03249999999997,0.0024817827416857606,0.0062993745521050136,10.0
08/12/2021,38942418,445.11,442.66,445.2572,443.62,441.418,438.5505,0.002992498492541449,0.006307033812865155,10.012
08/13/2021,39470251,445.92,445.07,445.94,445.59,442.159,439.2795,0.0018181211028260626,0.006257650678728046,9.934
08/16/2021,73930864,446.97,442.87,447.11,444.53,443.09700000000004,440.3795,0.0023519145337195283,0.00614373735045125,9.753
08/17/2021,92673933,444.04,440.85,444.96,444.24,443.38599999999997,441.0285,-0.006576829802911143,0.00627895810225193,9.968
08/18/2021,89351931,439.18,438.92,444.625,442.96,443.40599999999995,441.26000000000005,-0.011005296646600982,0.006616371160886057,10.503
08/19/2021,92812246,439.86,436.12,441.14,436.27,443.216,441.48,0.0015471426457048332,0.006418748613726249,10.189
08/20/2021,72008712,443.36,439.71,443.71,440.23,443.303,441.651,0.007925586651118114,0.006292638125013901,9.989
08/23/2021,54973038,447.26,443.4355,448.23,445.16,443.816,441.963,0.008757999883902853,0.0064465449057153025,10.234
08/24/2021,38744714,447.97,447.42,448.54,447.97,444.34499999999997,442.41099999999994,0.0015861848884918582,0.006399152799271994,10.158
08/25/2021,40529711,448.91,447.77,449.457,448.17,444.858,442.91499999999996,0.002096156329021839,0.006401921508224871,10.163
08/26/2021,57829572,446.26,446.16,448.86,448.61,444.97300000000007,443.1955,-0.00592068040972779,0.006476652845465157,10.281
08/27/2021,77235113,450.25,447.06,450.65,447.12,445.40600000000006,443.78249999999997,0.008901242249708202,0.006419483373227516,10.191
08/30/2021,48357355,452.23,450.71,453.07,450.97,445.93199999999996,444.51449999999994,0.004387915913653523,0.005649225781528521,8.968
08/31/2021,59300213,451.56,450.92,452.49,452.13,446.684,445.035,-0.0014826455763727044,0.00519327586159075,8.244
09/01/2021,48721378,451.8,451.545,453.11,452.56,447.946,445.67600000000004,0.0005313496405568216,0.0050474697328840275,8.013
09/02/2021,42830867,453.19,451.91,454.05,453.32,449.279,446.24750000000006,0.003071859563178311,0.005055950945025669,8.026
09/03/2021,47234364,453.08,451.55,453.63,451.98,450.25100000000003,446.77700000000004,-0.00024275326456844163,0.004773598365205681,7.578
09/07/2021,51671534,451.46,450.7423,452.81,452.71,450.671,447.2434999999999,-0.0035819349770811436,0.004836190767761328,7.677
09/08/2021,56181907,450.91,448.86,451.67,450.89,450.965,447.65500000000003,-0.0012190123078291487,0.004746305208440864,7.535
09/09/2021,57970407,448.98,448.72,452.57,450.7,450.97200000000004,447.9150000000001,-0.0042894197272803575,0.004835006199887072,7.675
09/10/2021,89948174,445.44,445.31,451.49,451.04,450.89000000000004,447.93149999999997,-0.007915785614322024,0.005041221758655434,8.003
09/13/2021,83738649,446.58,444.11,448.92,448.64,450.523,447.96449999999993,0.0025559978938741105,0.004957223379158277,7.869
09/14/2021,78197140,444.17,443.22,448.34,448.12,449.717,447.8245,-0.00541118356571289,0.0050554772631952885,8.025
09/15/2021,78792222,447.88,443.44,448.41,444.62,449.349,448.0165,0.008317967357834782,0.005066791701060169,8.043
09/16/2021,77786735,447.17,444.02,448.36,447.32,448.88599999999997,448.41600000000005,-0.0015865038800562123,0.004979099215054136,7.904
09/17/2021,118425037,441.4,441.02,445.37,444.92,447.707,448.49300000000005,-0.012987341689304007,0.005442924907286943,8.64
09/20/2021,166445534,434.04,428.86,436.56,434.88,445.803,448.02699999999993,-0.016814798070629022,0.006233333085190318,9.895
09/21/2021,92526112,433.63,433.07,437.91,436.53,444.02,447.3455,-0.000945059828081171,0.006233503286163362,9.895
09/22/2021,102350143,437.86,433.747,440.03,436.05,442.71500000000003,446.84000000000003,0.009707588655264391,0.006507550207359312,10.33
09/23/2021,76395981,443.18,439.6,444.89,439.85,442.13500000000005,446.5535,0.012076783481868766,0.006877554107417142,10.918
09/24/2021,62094837,443.91,441.21,444.67,441.44,441.98199999999997,446.43600000000004,0.0016458311214935907,0.006861420289470706,10.892
09/27/2021,61371108,442.64,441.9,444.05,442.81,441.588,446.05550000000005,-0.002865040592698327,0.006869780261625688,10.905
09/28/2021,130436306,433.72,432.94,440.04,439.69,440.543,445.13,-0.020357633985873,0.007766320375994264,12.329
09/29/2021,82329213,434.45,433.85,437.04,435.19,439.2,444.2745,0.0016816986812337234,0.007708088211410477,12.236
09/30/2021,140505979,429.14,428.78,436.77,436.02,437.39700000000005,443.1415,-0.012297657268279926,0.0077708631251137425,12.336
10/01/2021,129240106,434.24,427.23,436.0329,430.98,436.6809999999999,442.19399999999996,0.011814170629569253,0.008095761907771686,12.852
10/04/2021,128569957,428.64,426.36,433.96,433.0,436.14099999999996,440.97200000000004,-0.012979970850205805,0.008250129163146798,13.097
10/05/2021,90682520,433.1,429.39,435.49,430.24,436.088,440.054,0.010351242424282498,0.008320771066768502,13.209
10/06/2021,113032245,434.9,427.54,435.1199,429.27,435.79200000000003,439.2535000000001,0.0041474713830116205,0.008362028126087094,13.274
10/07/2021,72437499,438.66,438.2,441.68,438.39,435.34,438.7375,0.008608505929686946,0.008527715811236907,13.537
10/08/2021,74557404,437.86,437.19,439.89,439.48,434.735,438.3585,-0.0018254009540894956,0.008475036138483591,13.454
10/11/2021,65233285,434.69,434.62,440.26,437.16,433.94000000000005,437.764,-0.007266091219878854,0.008361097860806799,13.273
10/12/2021,71181163,433.62,432.78,436.1,435.67,433.93,437.2365000000001,-0.0024645588363665784,0.008297318003109136,13.172
10/13/2021,72973979,435.18,431.54,436.05,434.71,434.003,436.60149999999993,0.003591164080431317,0.008347151935110446,13.251
10/14/2021,70236825,442.5,438.58,442.66,439.08,435.33900000000006,436.36799999999994,0.01668072584460814,0.008962804338547363,14.228
10/15/2021,66260210,445.87,444.09,446.26,444.75,436.50200000000007,436.5915,0.007586965262952675,0.009065529361857718,14.391
10/18/2021,62213228,447.19,443.27,447.55,443.97,438.35699999999997,437.2490000000001,0.002956130520363021,0.009087965241007115,14.427
10/19/2021,46996827,450.64,448.27,450.71,448.92,440.11100000000005,438.0995,0.007685234355158772,0.009185768653001889,14.582
10/20/2021,49571569,452.41,451.01,452.732,451.13,441.86199999999997,438.82699999999994,0.003920053743659004,0.009211303722697508,14.622
10/21/2021,41305438,453.59,451.31,453.829,451.77,443.355,439.3475,0.002604857985032252,0.009183701331585088,14.579
10/22/2021,58845088,453.12,451.05,454.67,453.13,444.88100000000003,439.8080000000001,-0.0010367152498493223,0.009055430168467384,14.375
10/25/2021,45214507,455.55,452.39,455.9,454.28,446.967,440.45349999999996,0.005348489094567122,0.009090833814201766,14.431
10/26/2021,56075116,455.96,455.56,458.49,457.2,449.201,441.5655,0.0008996062087102942,0.00901815899574726,14.316
10/27/2021,72437997,453.94,453.86,457.16,456.45,451.07699999999994,442.53999999999996,-0.004440055651254183,0.0089555811330833,14.217
10/28/2021,51437944,458.32,455.45,458.4,455.46,452.659,443.99899999999997,0.009602599382998725,0.009099763321141428,14.445
10/29/2021,70162424,459.25,455.56,459.56,455.87,453.997,445.2495,0.0020270939949127023,0.008719056040690005,13.841
11/01/2021,48433642,460.04,458.2,460.7021,460.3,455.282,446.81949999999995,0.001718718129145665,0.00801812851736692,12.728
11/02/2021,48908417,461.9,460.08,462.23,460.22,456.408,448.2595,0.004034975212179082,0.008007900284933039,12.712
11/03/2021,52509825,464.72,460.83,465.15,461.3,457.63899999999995,449.75049999999993,0.00608665624771752,0.007916125778928291,12.566
11/04/2021,52847087,466.91,464.99,467.0,465.36,458.971,451.163,0.004701445925752468,0.007703562125149715,12.229
11/05/2021,66390563,468.53,466.92,470.65,469.28,460.512,452.6965,0.0034636141698959014,0.007709952886873077,12.239
11/08/2021,50405194,468.93,468.2031,470.23,469.7,461.85,454.4085,0.0008533697955639009,0.007662123213007228,12.163
11/09/2021,51149147,467.38,465.88,469.57,469.32,462.992,456.09649999999993,-0.003310872287829083,0.006496175472780616,10.312
11/10/2021,69429653,463.62,462.04,467.38,465.58,463.96000000000004,457.5185,-0.008077380114112818,0.006776425602814813,10.757
11/11/2021,34848495,463.77,463.75,465.29,465.21,464.505,458.58200000000005,0.0003234885028047634,0.00621611468696258,9.868
11/12/2021,53466654,467.27,464.11,467.86,465.12,465.30699999999996,459.65200000000004,0.0075185093815795054,0.006043306670654618,9.593
11/15/2021,46980500,467.43,466.23,468.81,468.64,466.046,460.66399999999993,0.0003423558394410532,0.005316649158394028,8.44
11/16/2021,48857502,469.28,467.07,470.485,467.15,466.78399999999993,461.596,0.003950000331767804,0.005132031441492076,8.147
11/17/2021,47858289,468.14,467.48,469.19,469.0,467.12600000000003,462.3825,-0.00243220874738256,0.005206953698902383,8.266
11/18/2021,50625607,469.73,466.34,470.01,469.24,467.408,463.18950000000007,0.0033906650672278155,0.005079917821553925,8.064
11/19/2021,57315573,468.89,468.5,470.94,469.61,467.44399999999996,463.97799999999995,-0.0017898621897092797,0.005078931217563336,8.063
11/22/2021,72761954,467.57,467.35,473.54,470.89,467.308,464.579,-0.0028191292190243014,0.004850397628091223,7.7
11/23/2021,73206538,468.19,464.45,469.095,467.22,467.389,465.19050000000004,0.001325126294615269,0.004767149249093595,7.568
11/24/2021,61858813,469.44,465.19,469.57,466.06,467.971,465.96549999999996,0.0026662985197490018,0.004763218685987485,7.561
11/26/2021,112669636,458.97,457.77,463.9,462.34,467.491,465.99800000000005,-0.022555646507219543,0.005975171591717756,9.485
11/29/2021,86268818,464.6,461.73,466.56,464.07,467.224,466.2655000000001,0.01219197188891154,0.006199370702317019,9.841
11/30/2021,148559598,455.56,455.3,464.03,462.0,466.037,466.0415,-0.019649388930158496,0.007279810058315037,11.556
12/01/2021,132485835,450.5,450.29,464.67,461.64,464.159,465.4715,-0.011169354357757736,0.007460295678795711,11.843
